ID,Titre_Poste,Entreprise,Secteur,Zone,Type,Gratification_FCFA,Niveau_Requis,Competences_Cles,Date_Limite,Statut_Verification,Contact_Postulation
SOL-DK-01,Stagiaire Assistant(e) Marketing Digital & Contenu,Wave Digital Finance,Fintech / Mobile Money,Point E,Stage,175000,Licence 3 / Master 1,Community Management Meta Business Suite Analytics Wolof/FR,31/10/2026,Certifiée Solusen,carrieres@wave.com
SOL-DK-02,Stagiaire Développeur Fullstack React / Node.js,Gaindé 2000,Informatique / Dématérialisation,Plateau,Stage,200000,Master 1 / 2 (ESP/DIC/Polytech/UCAD),React Node.js PostgreSQL Git API REST,15/11/2026,Certifiée Solusen,recrutement@gainde2000.sn
SOL-DK-03,Programme Cohorte Data & IA (Certification Métier),Orange Digital Center (ODC),Numérique / IA,Dakar Plateau,Formation,0,Bac+2 / Débutant motivé,Python SQL Power BI Machine Learning,30/10/2026,Homologuée Partenaire,contact.odc@orange-sonatel.com
SOL-DK-04,Stagiaire Assistant(e) Audit & Comptabilité SYSCOHADA,Cabinet BDO Sénégal,Audit / Finance,Almadies,Stage,150000,Master CCA / Finance,SYSCOHADA révisé Excel avancé Rapprochement bancaire,20/11/2026,Certifiée Solusen,recrutement@bdo.sn
SOL-DK-05,Bootcamp Développeur Web & Mobile certifié,3W Academy Sénégal,Formation professionnelle,Mermoz,Formation,60000,Tous niveaux (Reconversion/Étudiants),HTML CSS JavaScript React Node.js,25/10/2026,Certifiée Solusen,admission@3wacademy.sn
SOL-DK-06,Stagiaire Chargé(e) d'Insertion et Recrutement RH,Sonatel (Siège),Télécoms & Services,VDN Mermoz,Stage,160000,Master 1 / 2 GRH / Droit,Sourcing CV Entretiens Droit du travail sénégalais,05/11/2026,Certifiée Solusen,emplois@orange-sonatel.com
SOL-DK-07,Formation Compétences Numériques & Télétravail (Force-N),Université Numérique Cheikh Hamidou Kane (UN-CHK),Numérique & Inclusion,En ligne / Espaces Numériques Ouverts (ENO),Formation,0,Jeunes diplômés (18-35 ans),Bureautique avancée Outils collaboratifs Prospection web,15/11/2026,Homologuée MESRI,contact@force-n.sn
SOL-DK-08,Stagiaire Assistant(e) Logistique Portuaire & Transit,Bolloré Logistics / AGL Sénégal,Logistique & Transport,Zone Portuaire Dakar,Stage,140000,Licence 3 Transit / Gestion logistique,Procédures douanières GAINDE Incoterms Facturation,10/11/2026,Certifiée Solusen,stages.sn@aglgroup.com
SOL-DK-09,Programme Accélération & Financement Projets Étudiants,Délégation Générale à l'Entreprenariat Rapide (DER/FJ),Entrepreneuriat / Financement,Plateau / Point E,Formation,0,Étudiants porteurs de projets,Modèle économique Business plan Gestion trésorerie,30/11/2026,Programme Public Éligible,incubateur@der.sn
SOL-DK-10,Stagiaire UI/UX Designer & Prototypage Web,Baobab Lab Dakar,Design & Produits numériques,Ngor / Almadies,Stage,130000,Licence 3 / Portfolio personnel,Figma Design System Wireframing Tests utilisateurs,28/10/2026,Certifiée Solusen,talent@baobab-lab.sn